{
	"class_name" : "PinholeCameraParameters",
	"extrinsic" :
	[
		0.0,
		-1.0,
		0.0,
		-0.0,
		0.0,
		-0.0,
		-1.0,
		0.50,
		1.0,
		-0.0,
		-0.0,
		3.81583116,
		0.0,
		0.0,
		0.0,
		1.0
	],
	"intrinsic" :
	{
		"height" : 720,
		"intrinsic_matrix" :
		[
			623.53829072,
			0.0,
			639.5,
			0.0,
			623.53829072,
			359.5,
			0.0,
			0.0,
			1.0
		] ,
		"width" : 1280
	},
	"version_major" : 1,
	"version_minor" : 0
}
